"FileName","Sha256","SourcePath"
"2000-0-15-20-76-14-11-0.kicad_mod","CF7A795FA6AD1B4972BA1C463A69E9010DCF6ECAF9ECC835AD49E053447BE3F2","00_PCB_U-TEK_Glass\Library.pretty\2000-0-15-20-76-14-11-0.kicad_mod"
"2000-0-15-20-76-14-11-0.kicad_mod","CF7A795FA6AD1B4972BA1C463A69E9010DCF6ECAF9ECC835AD49E053447BE3F2","02_Pogo_Pointed\Library.pretty\2000-0-15-20-76-14-11-0.kicad_mod"
"2000-0-15-20-76-14-11-0.kicad_mod","CF7A795FA6AD1B4972BA1C463A69E9010DCF6ECAF9ECC835AD49E053447BE3F2","03_Pogo_THT\Library.pretty\2000-0-15-20-76-14-11-0.kicad_mod"
"2000-0-15-20-76-14-11-0.kicad_mod","CF7A795FA6AD1B4972BA1C463A69E9010DCF6ECAF9ECC835AD49E053447BE3F2","04_Harwin_Spring_Round\Library.pretty\2000-0-15-20-76-14-11-0.kicad_mod"
"2000-0-15-20-76-14-11-0.kicad_mod","CF7A795FA6AD1B4972BA1C463A69E9010DCF6ECAF9ECC835AD49E053447BE3F2","05_Würth_Spring\Library.pretty\2000-0-15-20-76-14-11-0.kicad_mod"
"2000-0-15-20-76-14-11-0.kicad_mod","CF7A795FA6AD1B4972BA1C463A69E9010DCF6ECAF9ECC835AD49E053447BE3F2","06_AlpsAlpine\Library.pretty\2000-0-15-20-76-14-11-0.kicad_mod"
"2000-0-15-20-76-14-11-0.kicad_mod","CF7A795FA6AD1B4972BA1C463A69E9010DCF6ECAF9ECC835AD49E053447BE3F2","07_SameSky_Pogo_THT\Library.pretty\2000-0-15-20-76-14-11-0.kicad_mod"
"2000-0-15-20-76-14-11-0.kicad_mod","CF7A795FA6AD1B4972BA1C463A69E9010DCF6ECAF9ECC835AD49E053447BE3F2","08_PCB_AlpsAlpine_Glass\Library.pretty\2000-0-15-20-76-14-11-0.kicad_mod"
"2000-0-15-20-76-14-11-0.kicad_mod","CF7A795FA6AD1B4972BA1C463A69E9010DCF6ECAF9ECC835AD49E053447BE3F2","09_SM_Alps\Library.pretty\2000-0-15-20-76-14-11-0.kicad_mod"
"2000-0-15-20-76-14-11-0.kicad_mod","CF7A795FA6AD1B4972BA1C463A69E9010DCF6ECAF9ECC835AD49E053447BE3F2","10_SilMat_USBC\Library.pretty\2000-0-15-20-76-14-11-0.kicad_mod"
"2000-0-15-20-76-14-11-0.kicad_mod","CF7A795FA6AD1B4972BA1C463A69E9010DCF6ECAF9ECC835AD49E053447BE3F2","11_SilMat_USBC_Quadrants_9xU-Tek\Library.pretty\2000-0-15-20-76-14-11-0.kicad_mod"
"2000-0-15-20-76-14-11-0.kicad_mod","CF7A795FA6AD1B4972BA1C463A69E9010DCF6ECAF9ECC835AD49E053447BE3F2","12_SilMat_USBC_Quadrants_9xAlps\Library.pretty\2000-0-15-20-76-14-11-0.kicad_mod"
"2000-0-15-20-76-14-11-0.kicad_mod","CF7A795FA6AD1B4972BA1C463A69E9010DCF6ECAF9ECC835AD49E053447BE3F2","13_SM_6xAlps_electrodeD25mm_SMT\Library.pretty\2000-0-15-20-76-14-11-0.kicad_mod"
"2000-0-15-20-76-14-11-0.kicad_mod","CF7A795FA6AD1B4972BA1C463A69E9010DCF6ECAF9ECC835AD49E053447BE3F2","14_SilMat_USBC_Quadrants_9xCustom_2xPCB\Library.pretty\2000-0-15-20-76-14-11-0.kicad_mod"
"2000-0-15-20-76-14-11-0-TOP.kicad_mod","AE79CAF8C89B44649FC8E95A420034FD092B8AC10D9D537CE15F1BC3FB7D0466","00_PCB_U-TEK_Glass\Library.pretty\2000-0-15-20-76-14-11-0-TOP.kicad_mod"
"2000-0-15-20-76-14-11-0-TOP.kicad_mod","AE79CAF8C89B44649FC8E95A420034FD092B8AC10D9D537CE15F1BC3FB7D0466","02_Pogo_Pointed\Library.pretty\2000-0-15-20-76-14-11-0-TOP.kicad_mod"
"2000-0-15-20-76-14-11-0-TOP.kicad_mod","AE79CAF8C89B44649FC8E95A420034FD092B8AC10D9D537CE15F1BC3FB7D0466","03_Pogo_THT\Library.pretty\2000-0-15-20-76-14-11-0-TOP.kicad_mod"
"2000-0-15-20-76-14-11-0-TOP.kicad_mod","AE79CAF8C89B44649FC8E95A420034FD092B8AC10D9D537CE15F1BC3FB7D0466","04_Harwin_Spring_Round\Library.pretty\2000-0-15-20-76-14-11-0-TOP.kicad_mod"
"2000-0-15-20-76-14-11-0-TOP.kicad_mod","AE79CAF8C89B44649FC8E95A420034FD092B8AC10D9D537CE15F1BC3FB7D0466","05_Würth_Spring\Library.pretty\2000-0-15-20-76-14-11-0-TOP.kicad_mod"
"2000-0-15-20-76-14-11-0-TOP.kicad_mod","AE79CAF8C89B44649FC8E95A420034FD092B8AC10D9D537CE15F1BC3FB7D0466","06_AlpsAlpine\Library.pretty\2000-0-15-20-76-14-11-0-TOP.kicad_mod"
"2000-0-15-20-76-14-11-0-TOP.kicad_mod","AE79CAF8C89B44649FC8E95A420034FD092B8AC10D9D537CE15F1BC3FB7D0466","07_SameSky_Pogo_THT\Library.pretty\2000-0-15-20-76-14-11-0-TOP.kicad_mod"
"2000-0-15-20-76-14-11-0-TOP.kicad_mod","AE79CAF8C89B44649FC8E95A420034FD092B8AC10D9D537CE15F1BC3FB7D0466","08_PCB_AlpsAlpine_Glass\Library.pretty\2000-0-15-20-76-14-11-0-TOP.kicad_mod"
"2000-0-15-20-76-14-11-0-TOP.kicad_mod","AE79CAF8C89B44649FC8E95A420034FD092B8AC10D9D537CE15F1BC3FB7D0466","09_SM_Alps\Library.pretty\2000-0-15-20-76-14-11-0-TOP.kicad_mod"
"2000-0-15-20-76-14-11-0-TOP.kicad_mod","AE79CAF8C89B44649FC8E95A420034FD092B8AC10D9D537CE15F1BC3FB7D0466","10_SilMat_USBC\Library.pretty\2000-0-15-20-76-14-11-0-TOP.kicad_mod"
"2000-0-15-20-76-14-11-0-TOP.kicad_mod","AE79CAF8C89B44649FC8E95A420034FD092B8AC10D9D537CE15F1BC3FB7D0466","11_SilMat_USBC_Quadrants_9xU-Tek\Library.pretty\2000-0-15-20-76-14-11-0-TOP.kicad_mod"
"2000-0-15-20-76-14-11-0-TOP.kicad_mod","AE79CAF8C89B44649FC8E95A420034FD092B8AC10D9D537CE15F1BC3FB7D0466","12_SilMat_USBC_Quadrants_9xAlps\Library.pretty\2000-0-15-20-76-14-11-0-TOP.kicad_mod"
"2000-0-15-20-76-14-11-0-TOP.kicad_mod","AE79CAF8C89B44649FC8E95A420034FD092B8AC10D9D537CE15F1BC3FB7D0466","13_SM_6xAlps_electrodeD25mm_SMT\Library.pretty\2000-0-15-20-76-14-11-0-TOP.kicad_mod"
"2000-0-15-20-76-14-11-0-TOP.kicad_mod","AE79CAF8C89B44649FC8E95A420034FD092B8AC10D9D537CE15F1BC3FB7D0466","14_SilMat_USBC_Quadrants_9xCustom_2xPCB\Library.pretty\2000-0-15-20-76-14-11-0-TOP.kicad_mod"
"331031321515.kicad_mod","2674323B723E36E104F7D45A84E53AEC30221E8D33BFF28FC890EDFD9AF7A121","00_PCB_U-TEK_Glass\Library.pretty\331031321515.kicad_mod"
"331031321515.kicad_mod","2674323B723E36E104F7D45A84E53AEC30221E8D33BFF28FC890EDFD9AF7A121","05_Würth_Spring\Library.pretty\331031321515.kicad_mod"
"331031321515.kicad_mod","2674323B723E36E104F7D45A84E53AEC30221E8D33BFF28FC890EDFD9AF7A121","06_AlpsAlpine\Library.pretty\331031321515.kicad_mod"
"331031321515.kicad_mod","2674323B723E36E104F7D45A84E53AEC30221E8D33BFF28FC890EDFD9AF7A121","08_PCB_AlpsAlpine_Glass\Library.pretty\331031321515.kicad_mod"
"331031321515.kicad_mod","2674323B723E36E104F7D45A84E53AEC30221E8D33BFF28FC890EDFD9AF7A121","09_SM_Alps\Library.pretty\331031321515.kicad_mod"
"331031321515.kicad_mod","2674323B723E36E104F7D45A84E53AEC30221E8D33BFF28FC890EDFD9AF7A121","10_SilMat_USBC\Library.pretty\331031321515.kicad_mod"
"331031321515.kicad_mod","2674323B723E36E104F7D45A84E53AEC30221E8D33BFF28FC890EDFD9AF7A121","11_SilMat_USBC_Quadrants_9xU-Tek\Library.pretty\331031321515.kicad_mod"
"331031321515.kicad_mod","2674323B723E36E104F7D45A84E53AEC30221E8D33BFF28FC890EDFD9AF7A121","12_SilMat_USBC_Quadrants_9xAlps\Library.pretty\331031321515.kicad_mod"
"331031321515.kicad_mod","2674323B723E36E104F7D45A84E53AEC30221E8D33BFF28FC890EDFD9AF7A121","13_SM_6xAlps_electrodeD25mm_SMT\Library.pretty\331031321515.kicad_mod"
"331031321515.kicad_mod","2674323B723E36E104F7D45A84E53AEC30221E8D33BFF28FC890EDFD9AF7A121","14_SilMat_USBC_Quadrants_9xCustom_2xPCB\Library.pretty\331031321515.kicad_mod"
"CPG-13-SMT-B.kicad_mod","B4A97F718C02E9575EE5CA53516E6D1FA1D1C47938D007E8019B31D6AF34FD74","00_PCB_U-TEK_Glass\Library.pretty\CPG-13-SMT-B.kicad_mod"
"CPG-13-SMT-B.kicad_mod","B4A97F718C02E9575EE5CA53516E6D1FA1D1C47938D007E8019B31D6AF34FD74","03_Pogo_THT\Library.pretty\CPG-13-SMT-B.kicad_mod"
"CPG-13-SMT-B.kicad_mod","B4A97F718C02E9575EE5CA53516E6D1FA1D1C47938D007E8019B31D6AF34FD74","04_Harwin_Spring_Round\Library.pretty\CPG-13-SMT-B.kicad_mod"
"CPG-13-SMT-B.kicad_mod","B4A97F718C02E9575EE5CA53516E6D1FA1D1C47938D007E8019B31D6AF34FD74","05_Würth_Spring\Library.pretty\CPG-13-SMT-B.kicad_mod"
"CPG-13-SMT-B.kicad_mod","B4A97F718C02E9575EE5CA53516E6D1FA1D1C47938D007E8019B31D6AF34FD74","06_AlpsAlpine\Library.pretty\CPG-13-SMT-B.kicad_mod"
"CPG-13-SMT-B.kicad_mod","B4A97F718C02E9575EE5CA53516E6D1FA1D1C47938D007E8019B31D6AF34FD74","07_SameSky_Pogo_THT\Library.pretty\CPG-13-SMT-B.kicad_mod"
"CPG-13-SMT-B.kicad_mod","B4A97F718C02E9575EE5CA53516E6D1FA1D1C47938D007E8019B31D6AF34FD74","08_PCB_AlpsAlpine_Glass\Library.pretty\CPG-13-SMT-B.kicad_mod"
"CPG-13-SMT-B.kicad_mod","B4A97F718C02E9575EE5CA53516E6D1FA1D1C47938D007E8019B31D6AF34FD74","09_SM_Alps\Library.pretty\CPG-13-SMT-B.kicad_mod"
"CPG-13-SMT-B.kicad_mod","B4A97F718C02E9575EE5CA53516E6D1FA1D1C47938D007E8019B31D6AF34FD74","10_SilMat_USBC\Library.pretty\CPG-13-SMT-B.kicad_mod"
"CPG-13-SMT-B.kicad_mod","B4A97F718C02E9575EE5CA53516E6D1FA1D1C47938D007E8019B31D6AF34FD74","11_SilMat_USBC_Quadrants_9xU-Tek\Library.pretty\CPG-13-SMT-B.kicad_mod"
"CPG-13-SMT-B.kicad_mod","B4A97F718C02E9575EE5CA53516E6D1FA1D1C47938D007E8019B31D6AF34FD74","12_SilMat_USBC_Quadrants_9xAlps\Library.pretty\CPG-13-SMT-B.kicad_mod"
"CPG-13-SMT-B.kicad_mod","B4A97F718C02E9575EE5CA53516E6D1FA1D1C47938D007E8019B31D6AF34FD74","13_SM_6xAlps_electrodeD25mm_SMT\Library.pretty\CPG-13-SMT-B.kicad_mod"
"CPG-13-SMT-B.kicad_mod","B4A97F718C02E9575EE5CA53516E6D1FA1D1C47938D007E8019B31D6AF34FD74","14_SilMat_USBC_Quadrants_9xCustom_2xPCB\Library.pretty\CPG-13-SMT-B.kicad_mod"
"CPG-13-SMT-B-TOP.kicad_mod","7191D0BF798BB3766A0B27B8C413861D96FB8BA740C87CBB4CAA42F837B5498C","00_PCB_U-TEK_Glass\Library.pretty\CPG-13-SMT-B-TOP.kicad_mod"
"CPG-13-SMT-B-TOP.kicad_mod","7191D0BF798BB3766A0B27B8C413861D96FB8BA740C87CBB4CAA42F837B5498C","03_Pogo_THT\Library.pretty\CPG-13-SMT-B-TOP.kicad_mod"
"CPG-13-SMT-B-TOP.kicad_mod","7191D0BF798BB3766A0B27B8C413861D96FB8BA740C87CBB4CAA42F837B5498C","04_Harwin_Spring_Round\Library.pretty\CPG-13-SMT-B-TOP.kicad_mod"
"CPG-13-SMT-B-TOP.kicad_mod","7191D0BF798BB3766A0B27B8C413861D96FB8BA740C87CBB4CAA42F837B5498C","05_Würth_Spring\Library.pretty\CPG-13-SMT-B-TOP.kicad_mod"
"CPG-13-SMT-B-TOP.kicad_mod","7191D0BF798BB3766A0B27B8C413861D96FB8BA740C87CBB4CAA42F837B5498C","06_AlpsAlpine\Library.pretty\CPG-13-SMT-B-TOP.kicad_mod"
"CPG-13-SMT-B-TOP.kicad_mod","7191D0BF798BB3766A0B27B8C413861D96FB8BA740C87CBB4CAA42F837B5498C","07_SameSky_Pogo_THT\Library.pretty\CPG-13-SMT-B-TOP.kicad_mod"
"CPG-13-SMT-B-TOP.kicad_mod","7191D0BF798BB3766A0B27B8C413861D96FB8BA740C87CBB4CAA42F837B5498C","08_PCB_AlpsAlpine_Glass\Library.pretty\CPG-13-SMT-B-TOP.kicad_mod"
"CPG-13-SMT-B-TOP.kicad_mod","7191D0BF798BB3766A0B27B8C413861D96FB8BA740C87CBB4CAA42F837B5498C","09_SM_Alps\Library.pretty\CPG-13-SMT-B-TOP.kicad_mod"
"CPG-13-SMT-B-TOP.kicad_mod","7191D0BF798BB3766A0B27B8C413861D96FB8BA740C87CBB4CAA42F837B5498C","10_SilMat_USBC\Library.pretty\CPG-13-SMT-B-TOP.kicad_mod"
"CPG-13-SMT-B-TOP.kicad_mod","7191D0BF798BB3766A0B27B8C413861D96FB8BA740C87CBB4CAA42F837B5498C","11_SilMat_USBC_Quadrants_9xU-Tek\Library.pretty\CPG-13-SMT-B-TOP.kicad_mod"
"CPG-13-SMT-B-TOP.kicad_mod","7191D0BF798BB3766A0B27B8C413861D96FB8BA740C87CBB4CAA42F837B5498C","12_SilMat_USBC_Quadrants_9xAlps\Library.pretty\CPG-13-SMT-B-TOP.kicad_mod"
"CPG-13-SMT-B-TOP.kicad_mod","7191D0BF798BB3766A0B27B8C413861D96FB8BA740C87CBB4CAA42F837B5498C","13_SM_6xAlps_electrodeD25mm_SMT\Library.pretty\CPG-13-SMT-B-TOP.kicad_mod"
"CPG-13-SMT-B-TOP.kicad_mod","7191D0BF798BB3766A0B27B8C413861D96FB8BA740C87CBB4CAA42F837B5498C","14_SilMat_USBC_Quadrants_9xCustom_2xPCB\Library.pretty\CPG-13-SMT-B-TOP.kicad_mod"
"S7081-42R.kicad_mod","FCB2719888932586DBFAD89BEC98833B9C5278ED9733544784CC7958DA865652","00_PCB_U-TEK_Glass\Library.pretty\S7081-42R.kicad_mod"
"S7081-42R.kicad_mod","FCB2719888932586DBFAD89BEC98833B9C5278ED9733544784CC7958DA865652","04_Harwin_Spring_Round\Library.pretty\S7081-42R.kicad_mod"
"S7081-42R.kicad_mod","FCB2719888932586DBFAD89BEC98833B9C5278ED9733544784CC7958DA865652","05_Würth_Spring\Library.pretty\S7081-42R.kicad_mod"
"S7081-42R.kicad_mod","FCB2719888932586DBFAD89BEC98833B9C5278ED9733544784CC7958DA865652","06_AlpsAlpine\Library.pretty\S7081-42R.kicad_mod"
"S7081-42R.kicad_mod","FCB2719888932586DBFAD89BEC98833B9C5278ED9733544784CC7958DA865652","08_PCB_AlpsAlpine_Glass\Library.pretty\S7081-42R.kicad_mod"
"S7081-42R.kicad_mod","FCB2719888932586DBFAD89BEC98833B9C5278ED9733544784CC7958DA865652","09_SM_Alps\Library.pretty\S7081-42R.kicad_mod"
"S7081-42R.kicad_mod","FCB2719888932586DBFAD89BEC98833B9C5278ED9733544784CC7958DA865652","10_SilMat_USBC\Library.pretty\S7081-42R.kicad_mod"
"S7081-42R.kicad_mod","FCB2719888932586DBFAD89BEC98833B9C5278ED9733544784CC7958DA865652","11_SilMat_USBC_Quadrants_9xU-Tek\Library.pretty\S7081-42R.kicad_mod"
"S7081-42R.kicad_mod","FCB2719888932586DBFAD89BEC98833B9C5278ED9733544784CC7958DA865652","12_SilMat_USBC_Quadrants_9xAlps\Library.pretty\S7081-42R.kicad_mod"
"S7081-42R.kicad_mod","FCB2719888932586DBFAD89BEC98833B9C5278ED9733544784CC7958DA865652","13_SM_6xAlps_electrodeD25mm_SMT\Library.pretty\S7081-42R.kicad_mod"
"S7081-42R.kicad_mod","FCB2719888932586DBFAD89BEC98833B9C5278ED9733544784CC7958DA865652","14_SilMat_USBC_Quadrants_9xCustom_2xPCB\Library.pretty\S7081-42R.kicad_mod"
"SCS05-065-10.kicad_mod","2F4B7FF09EC68844E435718856008D72E7B9B514596F48074A6FB2488BB78E68","00_PCB_U-TEK_Glass\Library.pretty\SCS05-065-10.kicad_mod"
"SCS05-065-10.kicad_mod","2F4B7FF09EC68844E435718856008D72E7B9B514596F48074A6FB2488BB78E68","01_Spring\Library.pretty\SCS05-065-10.kicad_mod"
"SCS05-065-10.kicad_mod","2F4B7FF09EC68844E435718856008D72E7B9B514596F48074A6FB2488BB78E68","02_Pogo_Pointed\Library.pretty\SCS05-065-10.kicad_mod"
"SCS05-065-10.kicad_mod","2F4B7FF09EC68844E435718856008D72E7B9B514596F48074A6FB2488BB78E68","03_Pogo_THT\Library.pretty\SCS05-065-10.kicad_mod"
"SCS05-065-10.kicad_mod","2F4B7FF09EC68844E435718856008D72E7B9B514596F48074A6FB2488BB78E68","04_Harwin_Spring_Round\Library.pretty\SCS05-065-10.kicad_mod"
"SCS05-065-10.kicad_mod","2F4B7FF09EC68844E435718856008D72E7B9B514596F48074A6FB2488BB78E68","05_Würth_Spring\Library.pretty\SCS05-065-10.kicad_mod"
"SCS05-065-10.kicad_mod","2F4B7FF09EC68844E435718856008D72E7B9B514596F48074A6FB2488BB78E68","06_AlpsAlpine\Library.pretty\SCS05-065-10.kicad_mod"
"SCS05-065-10.kicad_mod","2F4B7FF09EC68844E435718856008D72E7B9B514596F48074A6FB2488BB78E68","07_SameSky_Pogo_THT\Library.pretty\SCS05-065-10.kicad_mod"
"SCS05-065-10.kicad_mod","2F4B7FF09EC68844E435718856008D72E7B9B514596F48074A6FB2488BB78E68","08_PCB_AlpsAlpine_Glass\Library.pretty\SCS05-065-10.kicad_mod"
"SCS05-065-10.kicad_mod","2F4B7FF09EC68844E435718856008D72E7B9B514596F48074A6FB2488BB78E68","09_SM_Alps\Library.pretty\SCS05-065-10.kicad_mod"
"SCS05-065-10.kicad_mod","2F4B7FF09EC68844E435718856008D72E7B9B514596F48074A6FB2488BB78E68","10_SilMat_USBC\Library.pretty\SCS05-065-10.kicad_mod"
"SCS05-065-10.kicad_mod","2F4B7FF09EC68844E435718856008D72E7B9B514596F48074A6FB2488BB78E68","11_SilMat_USBC_Quadrants_9xU-Tek\Library.pretty\SCS05-065-10.kicad_mod"
"SCS05-065-10.kicad_mod","2F4B7FF09EC68844E435718856008D72E7B9B514596F48074A6FB2488BB78E68","12_SilMat_USBC_Quadrants_9xAlps\Library.pretty\SCS05-065-10.kicad_mod"
"SCS05-065-10.kicad_mod","2F4B7FF09EC68844E435718856008D72E7B9B514596F48074A6FB2488BB78E68","13_SM_6xAlps_electrodeD25mm_SMT\Library.pretty\SCS05-065-10.kicad_mod"
"SCS05-065-10.kicad_mod","2F4B7FF09EC68844E435718856008D72E7B9B514596F48074A6FB2488BB78E68","14_SilMat_USBC_Quadrants_9xCustom_2xPCB\Library.pretty\SCS05-065-10.kicad_mod"
"SCTA1A0100.kicad_mod","FE2612B75D7B28BA8B187AEAF3C546343AEAC55D15CFCAC794D294B5CBAFC770","00_PCB_U-TEK_Glass\Library.pretty\SCTA1A0100.kicad_mod"
"SCTA1A0100.kicad_mod","FE2612B75D7B28BA8B187AEAF3C546343AEAC55D15CFCAC794D294B5CBAFC770","06_AlpsAlpine\Library.pretty\SCTA1A0100.kicad_mod"
"SCTA1A0100.kicad_mod","FE2612B75D7B28BA8B187AEAF3C546343AEAC55D15CFCAC794D294B5CBAFC770","08_PCB_AlpsAlpine_Glass\Library.pretty\SCTA1A0100.kicad_mod"
"SCTA1A0100.kicad_mod","FE2612B75D7B28BA8B187AEAF3C546343AEAC55D15CFCAC794D294B5CBAFC770","09_SM_Alps\Library.pretty\SCTA1A0100.kicad_mod"
"SCTA1A0100.kicad_mod","FE2612B75D7B28BA8B187AEAF3C546343AEAC55D15CFCAC794D294B5CBAFC770","10_SilMat_USBC\Library.pretty\SCTA1A0100.kicad_mod"
"SCTA1A0100.kicad_mod","FE2612B75D7B28BA8B187AEAF3C546343AEAC55D15CFCAC794D294B5CBAFC770","11_SilMat_USBC_Quadrants_9xU-Tek\Library.pretty\SCTA1A0100.kicad_mod"
"SCTA1A0100.kicad_mod","FE2612B75D7B28BA8B187AEAF3C546343AEAC55D15CFCAC794D294B5CBAFC770","12_SilMat_USBC_Quadrants_9xAlps\Library.pretty\SCTA1A0100.kicad_mod"
"SCTA1A0100.kicad_mod","FE2612B75D7B28BA8B187AEAF3C546343AEAC55D15CFCAC794D294B5CBAFC770","13_SM_6xAlps_electrodeD25mm_SMT\Library.pretty\SCTA1A0100.kicad_mod"
"SCTA1A0100.kicad_mod","FE2612B75D7B28BA8B187AEAF3C546343AEAC55D15CFCAC794D294B5CBAFC770","14_SilMat_USBC_Quadrants_9xCustom_2xPCB\Library.pretty\SCTA1A0100.kicad_mod"
"SHOUHAN_TYPE-C_16PIN_2MD__073_.kicad_mod","16A13BEBCAD7EE2674969E7CDD2A993F5F36D17F3E0786FD807D15A88E196621","10_SilMat_USBC\Library.pretty\SHOUHAN_TYPE-C_16PIN_2MD__073_.kicad_mod"
"SHOUHAN_TYPE-C_16PIN_2MD__073_.kicad_mod","16A13BEBCAD7EE2674969E7CDD2A993F5F36D17F3E0786FD807D15A88E196621","11_SilMat_USBC_Quadrants_9xU-Tek\Library.pretty\SHOUHAN_TYPE-C_16PIN_2MD__073_.kicad_mod"
"SHOUHAN_TYPE-C_16PIN_2MD__073_.kicad_mod","16A13BEBCAD7EE2674969E7CDD2A993F5F36D17F3E0786FD807D15A88E196621","12_SilMat_USBC_Quadrants_9xAlps\Library.pretty\SHOUHAN_TYPE-C_16PIN_2MD__073_.kicad_mod"
"SHOUHAN_TYPE-C_16PIN_2MD__073_.kicad_mod","16A13BEBCAD7EE2674969E7CDD2A993F5F36D17F3E0786FD807D15A88E196621","14_SilMat_USBC_Quadrants_9xCustom_2xPCB\Library.pretty\SHOUHAN_TYPE-C_16PIN_2MD__073_.kicad_mod"
"smd_castellated.kicad_mod","953DA5227C2C42C99BD1DFEA9E1D3B491C064DF2A210E9D6BCA857F5F8887F39","14_SilMat_USBC_Quadrants_9xCustom_2xPCB\Library.pretty\smd_castellated.kicad_mod"
"SMZ-0020A-HZ.kicad_mod","8896347D945F7B28727916561A8E04FF33E94329E358E95B52F31F6758C717A8","00_PCB_U-TEK_Glass\Library.pretty\SMZ-0020A-HZ.kicad_mod"
"SMZ-0020A-HZ.kicad_mod","8896347D945F7B28727916561A8E04FF33E94329E358E95B52F31F6758C717A8","08_PCB_AlpsAlpine_Glass\Library.pretty\SMZ-0020A-HZ.kicad_mod"
"SMZ-0020A-HZ.kicad_mod","8896347D945F7B28727916561A8E04FF33E94329E358E95B52F31F6758C717A8","09_SM_Alps\Library.pretty\SMZ-0020A-HZ.kicad_mod"
"SMZ-0020A-HZ.kicad_mod","8896347D945F7B28727916561A8E04FF33E94329E358E95B52F31F6758C717A8","10_SilMat_USBC\Library.pretty\SMZ-0020A-HZ.kicad_mod"
"SMZ-0020A-HZ.kicad_mod","8896347D945F7B28727916561A8E04FF33E94329E358E95B52F31F6758C717A8","11_SilMat_USBC_Quadrants_9xU-Tek\Library.pretty\SMZ-0020A-HZ.kicad_mod"
"SMZ-0020A-HZ.kicad_mod","8896347D945F7B28727916561A8E04FF33E94329E358E95B52F31F6758C717A8","12_SilMat_USBC_Quadrants_9xAlps\Library.pretty\SMZ-0020A-HZ.kicad_mod"
"SMZ-0020A-HZ.kicad_mod","8896347D945F7B28727916561A8E04FF33E94329E358E95B52F31F6758C717A8","13_SM_6xAlps_electrodeD25mm_SMT\Library.pretty\SMZ-0020A-HZ.kicad_mod"
"SMZ-0020A-HZ.kicad_mod","8896347D945F7B28727916561A8E04FF33E94329E358E95B52F31F6758C717A8","14_SilMat_USBC_Quadrants_9xCustom_2xPCB\Library.pretty\SMZ-0020A-HZ.kicad_mod"
"SWD.kicad_mod","7BB7FC4DC33D5C383C85A1FF6308DA08F74AD184C9A08164386179F4A4268244","10_SilMat_USBC\Library.pretty\SWD.kicad_mod"
"SWD.kicad_mod","7BB7FC4DC33D5C383C85A1FF6308DA08F74AD184C9A08164386179F4A4268244","11_SilMat_USBC_Quadrants_9xU-Tek\Library.pretty\SWD.kicad_mod"
"SWD.kicad_mod","7BB7FC4DC33D5C383C85A1FF6308DA08F74AD184C9A08164386179F4A4268244","12_SilMat_USBC_Quadrants_9xAlps\Library.pretty\SWD.kicad_mod"
"SWD.kicad_mod","7BB7FC4DC33D5C383C85A1FF6308DA08F74AD184C9A08164386179F4A4268244","14_SilMat_USBC_Quadrants_9xCustom_2xPCB\Library.pretty\SWD.kicad_mod"
"t0p06_h1_w2_l1p5.kicad_mod","3D7CE62FF1B160B1C51F16F1DAA90E00D9D92356DDF211602CF070FB8AE46196","14_SilMat_USBC_Quadrants_9xCustom_2xPCB\Library.pretty\t0p06_h1_w2_l1p5.kicad_mod"
"t0p06_h1_w2l2.kicad_mod","A5F0DB7A065BF6F69AC9BE2319DE21D99BC898069DA82056964BEB51CF7B29F0","14_SilMat_USBC_Quadrants_9xCustom_2xPCB\Library.pretty\t0p06_h1_w2l2.kicad_mod"
"t0p1_h0p8_w2square_endstop_holeD1p2.kicad_mod","975E13B70E1159956FC1E20AF758E944AF85B88195894BD6090263FC8DF169EB","11_SilMat_USBC_Quadrants_9xU-Tek\Library.pretty\t0p1_h0p8_w2square_endstop_holeD1p2.kicad_mod"
"t0p1_h0p8_w2square_endstop_holeD1p2.kicad_mod","975E13B70E1159956FC1E20AF758E944AF85B88195894BD6090263FC8DF169EB","12_SilMat_USBC_Quadrants_9xAlps\Library.pretty\t0p1_h0p8_w2square_endstop_holeD1p2.kicad_mod"
"t0p1_h0p8_w2square_endstop_holeD1p2.kicad_mod","975E13B70E1159956FC1E20AF758E944AF85B88195894BD6090263FC8DF169EB","14_SilMat_USBC_Quadrants_9xCustom_2xPCB\Library.pretty\t0p1_h0p8_w2square_endstop_holeD1p2.kicad_mod"
"tht_castellated.kicad_mod","6843A150843DC11DD94DE2BCA7141E1D2738FE0BC3EBB77C1D3FAC31304192ED","14_SilMat_USBC_Quadrants_9xCustom_2xPCB\Library.pretty\tht_castellated.kicad_mod"
